[
  {
    "title": "Raymond",
    "description": "Unstitched Polycotton Shirt & Trouser Fabric Solid",
    "price": 744,
    "discountPrice": 744,
    "discountPercent": 53,
    "quantity": null,
    "brand": "Raymond",
    "sizes": [{ "name": "medium", "quantity": 30 }],
    "color": "blue",
    "imageUrl": "https://rukminim2.flixcart.com/image/612/612/xif0q/fabric/a/g/t/no-2-35-m-unstitched-na-r-velvetta-25-raymond-original-imaggpfnztjzh9kq.jpeg?q=70",
    "ratings": [],
    "reviews": [],
    "numRatings": 0,
    "category": [
      {
        "name": "men",
        "level": 1
      },
      {
        "name": "clothing",
        "level": 2
      },
      {
        "name": "menKurtas",
        "level": 3
      }
    ],
    "createdAt": "2023-09-04T00:00:00.000Z"
  },
  {
    "title": "RADHE SALES",
    "description": "Unstitched Polycotton Shirt Fabric Printed",
    "price": 299,
    "discountPrice": 299,
    "discountPercent": 57,
    "quantity": null,
    "brand": "RADHE SALES",
    "sizes": [{ "name": "medium", "quantity": 30 }],
    "color": "black",
    "imageUrl": "https://rukminim2.flixcart.com/image/612/612/xif0q/shopsy-fabric/c/k/v/2-25-m-unstitched-rs-yellow-black-dil-feb-na-shirt-fabric-radhe-original-imagmf9pdgtpdmgg.jpeg?q=70",
    "ratings": [],
    "reviews": [],
    "numRatings": 0,
    "category": [
      {
        "name": "men",
        "level": 1
      },
      {
        "name": "clothing",
        "level": 2
      },
      {
        "name": "menKurtas",
        "level": 3
      }
    ],
    "createdAt": "2023-09-04T00:00:00.000Z"
  },
  {
    "title": "RADHE SALES",
    "description": "Unstitched Polycotton Shirt Fabric Printed",
    "price": 299,
    "discountPrice": 299,
    "discountPercent": 57,
    "quantity": null,
    "brand": "RADHE SALES",
    "sizes": [{ "name": "medium", "quantity": 30 }],
    "color": "green",
    "imageUrl": "https://rukminim2.flixcart.com/image/612/612/l1xwqkw0/fabric/4/o/f/no-2-25-m-unstitched-na-rs-new-green-radhe-sales-original-imagdebtrg5zejvn.jpeg?q=70",
    "ratings": [],
    "reviews": [],
    "numRatings": 0,
    "category": [
      {
        "name": "men",
        "level": 1
      },
      {
        "name": "clothing",
        "level": 2
      },
      {
        "name": "menKurtas",
        "level": 3
      }
    ],
    "createdAt": "2023-09-04T00:00:00.000Z"
  },
  {
    "title": "2ni8 LifeStyle",
    "description": "Unstitched Polyester Shirt Fabric Printed",
    "price": 299,
    "discountPrice": 299,
    "discountPercent": 50,
    "quantity": null,
    "brand": "2ni8 LifeStyle",
    "sizes": [{ "name": "medium", "quantity": 30 }],
    "color": "blue",
    "imageUrl": "https://rukminim2.flixcart.com/image/612/612/xif0q/fabric/g/s/6/no-2-25-m-unstitched-na-designer-blue-parrot-love-shirt-2ni8-original-imagpvaxwrpp3taf.jpeg?q=70",
    "ratings": [],
    "reviews": [],
    "numRatings": 0,
    "category": [
      {
        "name": "men",
        "level": 1
      },
      {
        "name": "clothing",
        "level": 2
      },
      {
        "name": "menKurtas",
        "level": 3
      }
    ],
    "createdAt": "2023-09-04T00:00:00.000Z"
  },
  {
    "title": "SJY",
    "description": "Unstitched Cotton Blend Shirt Fabric Solid",
    "price": 291,
    "discountPrice": 291,
    "discountPercent": 70,
    "quantity": null,
    "brand": "SJY",
    "sizes": [{ "name": "medium", "quantity": 30 }],
    "color": "red",
    "imageUrl": "https://rukminim2.flixcart.com/image/612/612/kyj0vbk0/shopsy-fabric/l/6/3/2-35-m-unstitched-mf1322-na-shirt-fabric-sanjivay-original-imagaqrfnxgsyccw.jpeg?q=70",
    "ratings": [],
    "reviews": [],
    "numRatings": 0,
    "category": [
      {
        "name": "men",
        "level": 1
      },
      {
        "name": "clothing",
        "level": 2
      },
      {
        "name": "menKurtas",
        "level": 3
      }
    ],
    "createdAt": "2023-09-04T00:00:00.000Z"
  },

  {
    "title": "jayamar",
    "description": "Unstitched Polycotton Shirt Fabric Printed",
    "price": 319,
    "discountPrice": 0,
    "discountPercent": 68,
    "quantity": null,
    "brand": "jayamar",
    "sizes": [{ "name": "medium", "quantity": 30 }],
    "color": null,
    "imageUrl": "https://rukminim2.flixcart.com/image/612/612/kwb07m80/fabric/v/m/y/no-2-25-m-unstitched-na-1234-jayamar-original-imag9yjzgm6wfb9h.jpeg?q=70",
    "ratings": [],
    "reviews": [],
    "numRatings": 0,
    "category": [
      {
        "name": "men",
        "level": 1
      },
      {
        "name": "clothing",
        "level": 2
      },
      {
        "name": "menKurtas",
        "level": 3
      }
    ],
    "createdAt": "2023-09-04T00:00:00.000Z"
  },
  {
    "title": "JHABAK'S",
    "description": "Unstitched Cotton Blend Shirt Fabric Self Design",
    "price": 322,
    "discountPrice": 0,
    "discountPercent": 67,
    "quantity": null,
    "brand": "JHABAK'S",
    "sizes": [{ "name": "medium", "quantity": 30 }],
    "color": "pink",
    "imageUrl": "https://rukminim2.flixcart.com/image/612/612/ko382a80/fabric/t/n/e/no-unstitched-fashion-fever-1-jhabak-s-original-imag2mnctnjnyk8g.jpeg?q=70",
    "ratings": [],
    "reviews": [],
    "numRatings": 0,
    "category": [
      {
        "name": "men",
        "level": 1
      },
      {
        "name": "clothing",
        "level": 2
      },
      {
        "name": "menKurtas",
        "level": 3
      }
    ],
    "createdAt": "2023-09-04T00:00:00.000Z"
  },
  {
    "title": "MAME CREATION",
    "description": "Unstitched Polyester Shirt Fabric Printed",
    "price": 336,
    "discountPrice": 0,
    "discountPercent": 51,
    "quantity": null,
    "brand": "MAME CREATION",
    "sizes": [{ "name": "medium", "quantity": 30 }],
    "color": "blue",
    "imageUrl": "https://rukminim2.flixcart.com/image/612/612/xif0q/fabric/x/0/l/no-2-25-m-unstitched-na-sky-blue-yellow-love-you-forever-mame-original-imagzvvkhxyg799v.jpeg?q=70",
    "ratings": [],
    "reviews": [],
    "numRatings": 0,
    "category": [
      {
        "name": "men",
        "level": 1
      },
      {
        "name": "clothing",
        "level": 2
      },
      {
        "name": "menKurtas",
        "level": 3
      }
    ],
    "createdAt": "2023-09-04T00:00:00.000Z"
  },
  {
    "title": "JHABAK'S",
    "description": "Unstitched Polycotton Shirt Fabric Checkered",
    "price": 278,
    "discountPrice": 0,
    "discountPercent": 72,
    "quantity": null,
    "brand": "JHABAK'S",
    "sizes": [{ "name": "medium", "quantity": 30 }],
    "color": "blue",
    "imageUrl": "https://rukminim2.flixcart.com/image/612/612/kzsqykw0/fabric/x/m/l/no-2-25-m-unstitched-na-airjet-1-shirt-pc-jhabak-s-original-imagbq78arxx6hkw.jpeg?q=70",
    "ratings": [],
    "reviews": [],
    "numRatings": 0,
    "category": [
      {
        "name": "men",
        "level": 1
      },
      {
        "name": "clothing",
        "level": 2
      },
      {
        "name": "menKurtas",
        "level": 3
      }
    ],
    "createdAt": "2023-09-04T00:00:00.000Z"
  },
  {
    "title": "NILKHANTHFABRIC",
    "description": "Unstitched Polycotton Shirt Fabric Printed",
    "price": 294,
    "discountPrice": 0,
    "discountPercent": 70,
    "quantity": null,
    "brand": "NILKHANTHFABRIC",
    "sizes": [{ "name": "medium", "quantity": 30 }],
    "color": "blue",
    "imageUrl": "https://rukminim2.flixcart.com/image/612/612/l2urv680/fabric/n/h/q/no-2-25-m-unstitched-na-rose-nilkhanthfabric-original-image3vyhpemv4jn.jpeg?q=70",
    "ratings": [],
    "reviews": [],
    "numRatings": 0,
    "category": [
      {
        "name": "men",
        "level": 1
      },
      {
        "name": "clothing",
        "level": 2
      },
      {
        "name": "menKurtas",
        "level": 3
      }
    ],
    "createdAt": "2023-09-04T00:00:00.000Z"
  }
]
